trip_id,LBB,FTM,CPT,HJN,BKA,BKM,ASN,SNY,IST,BNH,STB,DKA,BHI,Full Trip
NS-WD-LBB-BHI-001,5:00:00,5:03:10,5:06:10,5:08:20,5:10:40,5:13:20,5:15:10,5:17:40,5:19:40,5:22:10,5:24:10,5:26:20,5:29:20,0:29:20
NS-WD-LBB-BHI-002,5:12:00,5:15:10,5:18:10,5:20:20,5:22:40,5:25:20,5:27:10,5:29:40,5:31:40,5:34:10,5:36:10,5:38:20,5:41:20,0:29:20
NS-WD-LBB-BHI-003,5:24:00,5:27:10,5:30:10,5:32:20,5:34:40,5:37:20,5:39:10,5:41:40,5:43:40,5:46:10,5:48:10,5:50:20,5:53:20,0:29:20
NS-WD-LBB-BHI-004,5:36:00,5:39:10,5:42:10,5:44:20,5:46:40,5:49:20,5:51:10,5:53:40,5:55:40,5:58:10,6:00:10,6:02:20,6:05:20,0:29:20
NS-WD-LBB-BHI-005,5:46:00,5:49:10,5:52:10,5:54:20,5:56:40,5:59:20,6:01:10,6:03:40,6:05:40,6:08:10,6:10:10,6:12:20,6:15:20,0:29:20
NS-WD-LBB-BHI-006,5:55:00,5:58:10,6:01:10,6:03:20,6:05:40,6:08:20,6:10:10,6:12:40,6:14:40,6:17:10,6:19:10,6:21:20,6:24:20,0:29:20
NS-WD-LBB-BHI-007,6:03:00,6:06:10,6:09:10,6:11:20,6:13:40,6:16:20,6:18:10,6:20:40,6:22:40,6:25:10,6:27:10,6:29:20,6:32:20,0:29:20
NS-WD-LBB-BHI-008,6:10:00,6:13:10,6:16:10,6:18:20,6:20:40,6:23:20,6:25:10,6:27:40,6:29:40,6:32:10,6:34:10,6:36:20,6:39:20,0:29:20
NS-WD-LBB-BHI-009,6:17:30,6:20:40,6:23:40,6:25:50,6:28:10,6:30:50,6:32:40,6:35:10,6:37:10,6:39:40,6:41:40,6:43:50,6:46:50,0:29:20
NS-WD-LBB-BHI-010,6:24:30,6:27:40,6:30:40,6:32:50,6:35:10,6:37:50,6:39:40,6:42:10,6:44:10,6:46:40,6:48:40,6:50:50,6:53:50,0:29:20
NS-WD-LBB-BHI-011,6:31:30,6:34:40,6:37:40,6:39:50,6:42:10,6:44:50,6:46:40,6:49:10,6:51:10,6:53:40,6:55:40,6:57:50,7:00:50,0:29:20
NS-WD-LBB-BHI-012,6:38:30,6:41:40,6:44:40,6:46:50,6:49:10,6:51:50,6:53:40,6:56:10,6:58:10,7:00:40,7:02:40,7:04:50,7:07:50,0:29:20
NS-WD-LBB-BHI-013,6:44:30,6:47:40,6:50:40,6:52:50,6:55:10,6:57:50,6:59:40,7:02:10,7:04:10,7:06:40,7:08:40,7:10:50,7:13:50,0:29:20
NS-WD-LBB-BHI-014,6:49:30,6:52:40,6:55:40,6:57:50,7:00:10,7:02:50,7:04:50,7:07:30,7:09:30,7:12:00,7:14:00,7:16:10,7:19:10,0:29:40
NS-WD-LBB-BHI-015,6:54:30,6:57:40,7:00:40,7:02:50,7:05:10,7:07:50,7:09:50,7:12:30,7:14:30,7:17:00,7:19:00,7:21:10,7:24:10,0:29:40
NS-WD-LBB-BHI-016,6:59:30,7:02:40,7:05:40,7:07:50,7:10:10,7:12:50,7:14:50,7:17:30,7:19:30,7:22:00,7:24:00,7:26:10,7:29:10,0:29:40
NS-WD-LBB-BHI-017,7:04:30,7:07:40,7:10:40,7:12:50,7:15:10,7:17:50,7:19:50,7:22:30,7:24:30,7:27:00,7:29:00,7:31:10,7:34:10,0:29:40
NS-WD-LBB-BHI-018,7:09:30,7:12:40,7:15:40,7:17:50,7:20:10,7:22:50,7:24:50,7:27:30,7:29:30,7:32:00,7:34:00,7:36:10,7:39:10,0:29:40
NS-WD-LBB-BHI-019,7:14:30,7:17:40,7:20:40,7:22:50,7:25:10,7:27:50,7:29:50,7:32:30,7:34:30,7:37:00,7:39:00,7:41:10,7:44:10,0:29:40
NS-WD-LBB-BHI-020,7:19:30,7:22:40,7:25:40,7:27:50,7:30:10,7:32:50,7:34:50,7:37:30,7:39:30,7:42:00,7:44:00,7:46:10,7:49:10,0:29:40
NS-WD-LBB-BHI-021,7:24:30,7:27:40,7:30:40,7:32:50,7:35:10,7:37:50,7:39:50,7:42:30,7:44:30,7:47:00,7:49:00,7:51:10,7:54:10,0:29:40
NS-WD-LBB-BHI-022,7:29:40,7:32:50,7:36:00,7:37:20,7:40:20,7:43:00,7:45:00,7:47:40,7:49:40,7:52:10,7:54:10,7:56:20,7:59:20,0:29:40
NS-WD-LBB-BHI-023,7:34:50,7:38:00,7:41:10,7:42:30,7:45:30,7:48:10,7:50:10,7:52:50,7:54:50,7:57:20,7:59:20,8:01:30,8:04:30,0:29:40
NS-WD-LBB-BHI-024,7:39:50,7:43:00,7:46:10,7:47:30,7:50:30,7:53:10,7:55:10,7:57:50,7:59:50,8:02:20,8:04:20,8:06:30,8:09:30,0:29:40
NS-WD-LBB-BHI-025,7:45:00,7:48:10,7:51:10,7:53:20,7:55:40,7:58:20,8:00:20,8:03:00,8:05:00,8:07:30,8:09:30,8:11:40,8:14:40,0:29:40
NS-WD-LBB-BHI-026,7:50:00,7:53:10,7:56:10,7:58:20,8:00:40,8:03:20,8:05:20,8:08:00,8:10:00,8:12:30,8:14:30,8:16:40,8:19:40,0:29:40
NS-WD-LBB-BHI-027,7:55:00,7:58:10,8:01:10,8:03:20,8:05:40,8:08:20,8:10:20,8:13:00,8:15:00,8:17:30,8:19:30,8:21:40,8:24:40,0:29:40
NS-WD-LBB-BHI-028,8:00:00,8:03:10,8:06:10,8:08:20,8:10:40,8:13:20,8:15:20,8:18:00,8:20:00,8:22:30,8:24:30,8:26:40,8:29:40,0:29:40
NS-WD-LBB-BHI-029,8:05:00,8:08:10,8:11:10,8:13:20,8:15:40,8:18:20,8:20:20,8:23:00,8:25:00,8:27:30,8:29:30,8:31:40,8:34:40,0:29:40
NS-WD-LBB-BHI-030,8:10:00,8:13:10,8:16:10,8:18:20,8:20:40,8:23:20,8:25:20,8:28:00,8:30:00,8:32:30,8:34:30,8:36:40,8:39:40,0:29:40
NS-WD-LBB-BHI-031,8:15:00,8:18:10,8:21:10,8:23:20,8:25:40,8:28:20,8:30:20,8:33:00,8:35:00,8:37:30,8:39:30,8:41:40,8:44:40,0:29:40
NS-WD-LBB-BHI-032,8:20:00,8:23:10,8:26:10,8:28:20,8:30:40,8:33:20,8:35:20,8:38:00,8:40:00,8:42:30,8:44:30,8:46:40,8:49:40,0:29:40
NS-WD-LBB-BHI-033,8:25:00,8:28:10,8:31:10,8:33:20,8:35:40,8:38:20,8:40:20,8:43:00,8:45:00,8:47:30,8:49:30,8:51:40,8:54:40,0:29:40
NS-WD-LBB-BHI-034,8:30:00,8:33:10,8:36:10,8:38:20,8:40:40,8:43:20,8:45:20,8:48:00,8:50:00,8:52:30,8:54:30,8:56:40,8:59:40,0:29:40
NS-WD-LBB-BHI-035,8:35:00,8:38:10,8:41:10,8:43:20,8:45:40,8:48:20,8:50:20,8:53:00,8:55:00,8:57:30,8:59:30,9:01:40,9:04:40,0:29:40
NS-WD-LBB-BHI-036,8:40:00,8:43:10,8:46:10,8:48:20,8:50:40,8:53:20,8:55:20,8:58:00,9:00:00,9:02:30,9:04:30,9:06:40,9:09:40,0:29:40
NS-WD-LBB-BHI-037,8:45:00,8:48:10,8:51:10,8:53:20,8:55:40,8:58:20,9:00:20,9:03:00,9:05:00,9:07:30,9:09:30,9:11:40,9:14:40,0:29:40
NS-WD-LBB-BHI-038,8:51:00,8:54:10,8:57:10,8:59:20,9:01:40,9:04:20,9:06:10,9:08:40,9:10:40,9:13:10,9:15:10,9:17:20,9:20:20,0:29:20
NS-WD-LBB-BHI-039,8:58:00,9:01:10,9:04:10,9:06:20,9:08:40,9:11:20,9:13:10,9:15:40,9:17:40,9:20:10,9:22:10,9:24:20,9:27:20,0:29:20
NS-WD-LBB-BHI-040,9:05:30,9:08:40,9:11:40,9:13:50,9:16:10,9:18:50,9:20:40,9:23:10,9:25:10,9:27:40,9:29:40,9:31:50,9:34:50,0:29:20
NS-WD-LBB-BHI-041,9:12:30,9:15:40,9:18:40,9:20:50,9:23:10,9:25:50,9:27:40,9:30:10,9:32:10,9:34:40,9:36:40,9:38:50,9:41:50,0:29:20
NS-WD-LBB-BHI-042,9:19:30,9:22:40,9:25:40,9:27:50,9:30:10,9:32:50,9:34:40,9:37:10,9:39:10,9:41:40,9:43:40,9:45:50,9:48:50,0:29:20
NS-WD-LBB-BHI-043,9:27:00,9:30:10,9:33:10,9:35:20,9:37:40,9:40:20,9:42:10,9:44:40,9:46:40,9:49:10,9:51:10,9:53:20,9:56:20,0:29:20
NS-WD-LBB-BHI-044,9:35:00,9:38:10,9:41:10,9:43:20,9:45:40,9:48:20,9:50:10,9:52:40,9:54:40,9:57:10,9:59:10,10:01:20,10:04:20,0:29:20
NS-WD-LBB-BHI-045,9:42:30,9:45:40,9:48:40,9:50:50,9:53:10,9:55:50,9:57:40,10:00:10,10:02:10,10:04:40,10:06:40,10:08:50,10:11:50,0:29:20
NS-WD-LBB-BHI-046,9:50:30,9:53:40,9:56:40,9:58:50,10:01:10,10:03:50,10:05:40,10:08:10,10:10:10,10:12:40,10:14:40,10:16:50,10:19:50,0:29:20
NS-WD-LBB-BHI-047,10:00:00,10:03:10,10:06:10,10:08:20,10:10:40,10:13:20,10:15:10,10:17:40,10:19:40,10:22:10,10:24:10,10:26:20,10:29:20,0:29:20
NS-WD-LBB-BHI-048,10:10:00,10:13:10,10:16:10,10:18:20,10:20:40,10:23:20,10:25:10,10:27:40,10:29:40,10:32:10,10:34:10,10:36:20,10:39:20,0:29:20
NS-WD-LBB-BHI-049,10:20:00,10:23:10,10:26:10,10:28:20,10:30:40,10:33:20,10:35:10,10:37:40,10:39:40,10:42:10,10:44:10,10:46:20,10:49:20,0:29:20
NS-WD-LBB-BHI-050,10:30:00,10:33:10,10:36:10,10:38:20,10:40:40,10:43:20,10:45:10,10:47:40,10:49:40,10:52:10,10:54:10,10:56:20,10:59:20,0:29:20
NS-WD-LBB-BHI-051,10:40:00,10:43:10,10:46:10,10:48:20,10:50:40,10:53:20,10:55:10,10:57:40,10:59:40,11:02:10,11:04:10,11:06:20,11:09:20,0:29:20
NS-WD-LBB-BHI-052,10:50:00,10:53:10,10:56:10,10:58:20,11:00:40,11:03:20,11:05:10,11:07:40,11:09:40,11:12:10,11:14:10,11:16:20,11:19:20,0:29:20
NS-WD-LBB-BHI-053,11:00:00,11:03:10,11:06:10,11:08:20,11:10:40,11:13:20,11:15:10,11:17:40,11:19:40,11:22:10,11:24:10,11:26:20,11:29:20,0:29:20
NS-WD-LBB-BHI-054,11:10:00,11:13:10,11:16:10,11:18:20,11:20:40,11:23:20,11:25:10,11:27:40,11:29:40,11:32:10,11:34:10,11:36:20,11:39:20,0:29:20
NS-WD-LBB-BHI-055,11:20:00,11:23:10,11:26:10,11:28:20,11:30:40,11:33:20,11:35:10,11:37:40,11:39:40,11:42:10,11:44:10,11:46:20,11:49:20,0:29:20
NS-WD-LBB-BHI-056,11:30:00,11:33:10,11:36:10,11:38:20,11:40:40,11:43:20,11:45:10,11:47:40,11:49:40,11:52:10,11:54:10,11:56:20,11:59:20,0:29:20
NS-WD-LBB-BHI-057,11:40:00,11:43:10,11:46:10,11:48:20,11:50:40,11:53:20,11:55:10,11:57:40,11:59:40,12:02:10,12:04:10,12:06:20,12:09:20,0:29:20
NS-WD-LBB-BHI-058,11:50:00,11:53:10,11:56:10,11:58:20,12:00:40,12:03:20,12:05:10,12:07:40,12:09:40,12:12:10,12:14:10,12:16:20,12:19:20,0:29:20
NS-WD-LBB-BHI-059,12:00:00,12:03:10,12:06:10,12:08:20,12:10:40,12:13:20,12:15:10,12:17:40,12:19:40,12:22:10,12:24:10,12:26:20,12:29:20,0:29:20
NS-WD-LBB-BHI-060,12:10:00,12:13:10,12:16:10,12:18:20,12:20:40,12:23:20,12:25:10,12:27:40,12:29:40,12:32:10,12:34:10,12:36:20,12:39:20,0:29:20
NS-WD-LBB-BHI-061,12:20:00,12:23:10,12:26:10,12:28:20,12:30:40,12:33:20,12:35:10,12:37:40,12:39:40,12:42:10,12:44:10,12:46:20,12:49:20,0:29:20
NS-WD-LBB-BHI-062,12:30:00,12:33:10,12:36:10,12:38:20,12:40:40,12:43:20,12:45:10,12:47:40,12:49:40,12:52:10,12:54:10,12:56:20,12:59:20,0:29:20
NS-WD-LBB-BHI-063,12:40:00,12:43:10,12:46:10,12:48:20,12:50:40,12:53:20,12:55:10,12:57:40,12:59:40,13:02:10,13:04:10,13:06:20,13:09:20,0:29:20
NS-WD-LBB-BHI-064,12:50:00,12:53:10,12:56:10,12:58:20,13:00:40,13:03:20,13:05:10,13:07:40,13:09:40,13:12:10,13:14:10,13:16:20,13:19:20,0:29:20
NS-WD-LBB-BHI-065,13:00:00,13:03:10,13:06:10,13:08:20,13:10:40,13:13:20,13:15:10,13:17:40,13:19:40,13:22:10,13:24:10,13:26:20,13:29:20,0:29:20
NS-WD-LBB-BHI-066,13:10:00,13:13:10,13:16:10,13:18:20,13:20:40,13:23:20,13:25:10,13:27:40,13:29:40,13:32:10,13:34:10,13:36:20,13:39:20,0:29:20
NS-WD-LBB-BHI-067,13:20:00,13:23:10,13:26:10,13:28:20,13:30:40,13:33:20,13:35:10,13:37:40,13:39:40,13:42:10,13:44:10,13:46:20,13:49:20,0:29:20
NS-WD-LBB-BHI-068,13:30:00,13:33:10,13:36:10,13:38:20,13:40:40,13:43:20,13:45:10,13:47:40,13:49:40,13:52:10,13:54:10,13:56:20,13:59:20,0:29:20
NS-WD-LBB-BHI-069,13:40:00,13:43:10,13:46:10,13:48:20,13:50:40,13:53:20,13:55:10,13:57:40,13:59:40,14:02:10,14:04:10,14:06:20,14:09:20,0:29:20
NS-WD-LBB-BHI-070,13:50:00,13:53:10,13:56:10,13:58:20,14:00:40,14:03:20,14:05:10,14:07:40,14:09:40,14:12:10,14:14:10,14:16:20,14:19:20,0:29:20
NS-WD-LBB-BHI-071,14:00:00,14:03:10,14:06:10,14:08:20,14:10:40,14:13:20,14:15:10,14:17:40,14:19:40,14:22:10,14:24:10,14:26:20,14:29:20,0:29:20
NS-WD-LBB-BHI-072,14:10:00,14:13:10,14:16:10,14:18:20,14:20:40,14:23:20,14:25:10,14:27:40,14:29:40,14:32:10,14:34:10,14:36:20,14:39:20,0:29:20
NS-WD-LBB-BHI-073,14:20:00,14:23:10,14:26:10,14:28:20,14:30:40,14:33:20,14:35:10,14:37:40,14:39:40,14:42:10,14:44:10,14:46:20,14:49:20,0:29:20
NS-WD-LBB-BHI-074,14:30:00,14:33:10,14:36:10,14:38:20,14:40:40,14:43:20,14:45:10,14:47:40,14:49:40,14:52:10,14:54:10,14:56:20,14:59:20,0:29:20
NS-WD-LBB-BHI-075,14:40:00,14:43:10,14:46:10,14:48:20,14:50:40,14:53:20,14:55:10,14:57:40,14:59:40,15:02:10,15:04:10,15:06:20,15:09:20,0:29:20
NS-WD-LBB-BHI-076,14:50:00,14:53:10,14:56:10,14:58:20,15:00:40,15:03:20,15:05:10,15:07:40,15:09:40,15:12:10,15:14:10,15:16:20,15:19:20,0:29:20
NS-WD-LBB-BHI-077,15:00:00,15:03:10,15:06:10,15:08:20,15:10:40,15:13:20,15:15:10,15:17:40,15:19:40,15:22:10,15:24:10,15:26:20,15:29:20,0:29:20
NS-WD-LBB-BHI-078,15:09:00,15:12:10,15:15:10,15:17:20,15:19:40,15:22:20,15:24:10,15:26:40,15:28:40,15:31:10,15:33:10,15:35:20,15:38:20,0:29:20
NS-WD-LBB-BHI-079,15:17:30,15:20:40,15:23:40,15:25:50,15:28:10,15:30:50,15:32:40,15:35:10,15:37:10,15:39:40,15:41:40,15:43:50,15:46:50,0:29:20
NS-WD-LBB-BHI-080,15:26:00,15:29:10,15:32:10,15:34:20,15:36:40,15:39:20,15:41:10,15:43:40,15:45:40,15:48:10,15:50:10,15:52:20,15:55:20,0:29:20
NS-WD-LBB-BHI-081,15:34:00,15:37:10,15:40:10,15:42:20,15:44:40,15:47:20,15:49:10,15:51:40,15:53:40,15:56:10,15:58:10,16:00:20,16:03:20,0:29:20
NS-WD-LBB-BHI-082,15:41:30,15:44:40,15:47:40,15:49:50,15:52:10,15:54:50,15:56:40,15:59:10,16:01:10,16:03:40,16:05:40,16:07:50,16:10:50,0:29:20
NS-WD-LBB-BHI-083,15:48:30,15:51:40,15:54:40,15:56:50,15:59:10,16:01:50,16:03:40,16:06:10,16:08:10,16:10:40,16:12:40,16:14:50,16:17:50,0:29:20
NS-WD-LBB-BHI-084,15:55:00,15:58:10,16:01:10,16:03:20,16:05:40,16:08:20,16:10:10,16:12:40,16:14:40,16:17:10,16:19:10,16:21:20,16:24:20,0:29:20
NS-WD-LBB-BHI-085,16:00:30,16:03:40,16:06:40,16:08:50,16:11:10,16:13:50,16:15:40,16:18:10,16:20:10,16:22:40,16:24:40,16:26:50,16:29:50,0:29:20
NS-WD-LBB-BHI-086,16:06:00,16:09:10,16:12:10,16:14:20,16:16:40,16:19:20,16:21:10,16:23:40,16:25:40,16:28:10,16:30:10,16:32:20,16:35:20,0:29:20
NS-WD-LBB-BHI-087,16:11:30,16:14:40,16:17:40,16:19:50,16:22:10,16:24:50,16:26:40,16:29:10,16:31:10,16:33:40,16:35:40,16:37:50,16:40:50,0:29:20
NS-WD-LBB-BHI-088,16:16:30,16:19:40,16:22:40,16:24:50,16:27:10,16:29:50,16:31:50,16:34:30,16:36:30,16:39:00,16:41:00,16:43:10,16:46:10,0:29:40
NS-WD-LBB-BHI-089,16:21:30,16:24:40,16:27:40,16:29:50,16:32:10,16:34:50,16:36:50,16:39:30,16:41:30,16:44:00,16:46:00,16:48:10,16:51:10,0:29:40
NS-WD-LBB-BHI-090,16:26:30,16:29:40,16:32:40,16:34:50,16:37:10,16:39:50,16:41:50,16:44:30,16:46:30,16:49:00,16:51:00,16:53:10,16:56:10,0:29:40
NS-WD-LBB-BHI-091,16:31:30,16:34:40,16:37:40,16:39:50,16:42:10,16:44:50,16:46:50,16:49:30,16:51:30,16:54:00,16:56:00,16:58:10,17:01:10,0:29:40
NS-WD-LBB-BHI-092,16:36:30,16:39:40,16:42:40,16:44:50,16:47:10,16:49:50,16:51:50,16:54:30,16:56:30,16:59:00,17:01:00,17:03:10,17:06:10,0:29:40
NS-WD-LBB-BHI-093,16:41:30,16:44:40,16:47:40,16:49:50,16:52:10,16:54:50,16:56:50,16:59:30,17:01:30,17:04:00,17:06:00,17:08:10,17:11:10,0:29:40
NS-WD-LBB-BHI-094,16:46:30,16:49:40,16:52:40,16:54:50,16:57:10,16:59:50,17:01:50,17:04:30,17:06:30,17:09:00,17:11:00,17:13:10,17:16:10,0:29:40
NS-WD-LBB-BHI-095,16:51:30,16:54:40,16:57:40,16:59:50,17:02:10,17:04:50,17:06:50,17:09:30,17:11:30,17:14:00,17:16:00,17:18:10,17:21:10,0:29:40
NS-WD-LBB-BHI-096,16:56:30,16:59:40,17:02:40,17:04:50,17:07:10,17:09:50,17:11:50,17:14:30,17:16:30,17:19:00,17:21:00,17:23:10,17:26:10,0:29:40
NS-WD-LBB-BHI-097,17:01:30,17:04:40,17:07:40,17:09:50,17:12:10,17:14:50,17:16:50,17:19:30,17:21:30,17:24:00,17:26:00,17:28:10,17:31:10,0:29:40
NS-WD-LBB-BHI-098,17:06:40,17:09:40,17:12:50,17:15:00,17:17:20,17:20:00,17:22:00,17:24:40,17:26:40,17:29:10,17:31:10,17:33:20,17:36:20,0:29:40
NS-WD-LBB-BHI-099,17:11:50,17:15:00,17:18:00,17:20:10,17:22:30,17:25:10,17:27:10,17:29:50,17:31:50,17:34:20,17:36:20,17:38:30,17:41:30,0:29:40
NS-WD-LBB-BHI-100,17:17:00,17:20:10,17:23:10,17:25:20,17:27:40,17:30:20,17:32:20,17:35:00,17:37:00,17:39:30,17:41:30,17:43:40,17:46:40,0:29:40
NS-WD-LBB-BHI-101,17:22:00,17:25:10,17:28:10,17:30:20,17:32:40,17:35:20,17:37:20,17:40:00,17:42:00,17:44:30,17:46:30,17:48:40,17:51:40,0:29:40
NS-WD-LBB-BHI-102,17:27:00,17:30:10,17:33:10,17:35:20,17:37:40,17:40:20,17:42:20,17:45:00,17:47:00,17:49:30,17:51:30,17:53:40,17:56:40,0:29:40
NS-WD-LBB-BHI-103,17:32:00,17:35:10,17:38:10,17:40:20,17:42:40,17:45:20,17:47:20,17:50:00,17:52:00,17:54:30,17:56:30,17:58:40,18:01:40,0:29:40
NS-WD-LBB-BHI-104,17:37:00,17:40:10,17:43:10,17:45:20,17:47:40,17:50:20,17:52:20,17:55:00,17:57:00,17:59:30,18:01:30,18:03:40,18:06:40,0:29:40
NS-WD-LBB-BHI-105,17:42:00,17:45:10,17:48:10,17:50:20,17:52:40,17:55:20,17:57:20,18:00:00,18:02:00,18:04:30,18:06:30,18:08:40,18:11:40,0:29:40
NS-WD-LBB-BHI-106,17:47:00,17:50:10,17:53:10,17:55:20,17:57:40,18:00:20,18:02:20,18:05:00,18:07:00,18:09:30,18:11:30,18:13:40,18:16:40,0:29:40
NS-WD-LBB-BHI-107,17:52:00,17:55:10,17:58:10,18:00:20,18:02:40,18:05:20,18:07:20,18:10:00,18:12:00,18:14:30,18:16:30,18:18:40,18:21:40,0:29:40
NS-WD-LBB-BHI-108,17:57:00,18:00:10,18:03:10,18:05:20,18:07:40,18:10:20,18:12:20,18:15:00,18:17:00,18:19:30,18:21:30,18:23:40,18:26:40,0:29:40
NS-WD-LBB-BHI-109,18:02:00,18:05:10,18:08:10,18:10:20,18:12:40,18:15:20,18:17:20,18:20:00,18:22:00,18:24:30,18:26:30,18:28:40,18:31:40,0:29:40
NS-WD-LBB-BHI-110,18:07:00,18:10:10,18:13:10,18:15:20,18:17:40,18:20:20,18:22:20,18:25:00,18:27:00,18:29:30,18:31:30,18:33:40,18:36:40,0:29:40
NS-WD-LBB-BHI-111,18:12:00,18:15:10,18:18:10,18:20:20,18:22:40,18:25:20,18:27:20,18:30:00,18:32:00,18:34:30,18:36:30,18:38:40,18:41:40,0:29:40
NS-WD-LBB-BHI-112,18:18:30,18:21:40,18:24:40,18:26:50,18:29:10,18:31:50,18:33:40,18:36:10,18:38:10,18:40:40,18:42:40,18:44:50,18:47:50,0:29:20
NS-WD-LBB-BHI-113,18:25:30,18:28:40,18:31:40,18:33:50,18:36:10,18:38:50,18:40:40,18:43:10,18:45:10,18:47:40,18:49:40,18:51:50,18:54:50,0:29:20
NS-WD-LBB-BHI-114,18:33:00,18:36:10,18:39:10,18:41:20,18:43:40,18:46:20,18:48:10,18:50:40,18:52:40,18:55:10,18:57:10,18:59:20,19:02:20,0:29:20
NS-WD-LBB-BHI-115,18:41:00,18:44:10,18:47:10,18:49:20,18:51:40,18:54:20,18:56:10,18:58:40,19:00:40,19:03:10,19:05:10,19:07:20,19:10:20,0:29:20
NS-WD-LBB-BHI-116,18:50:30,18:53:40,18:56:40,18:58:50,19:01:10,19:03:50,19:05:40,19:08:10,19:10:10,19:12:40,19:14:40,19:16:50,19:19:50,0:29:20
NS-WD-LBB-BHI-117,19:00:00,19:03:10,19:06:10,19:08:20,19:10:40,19:13:20,19:15:10,19:17:40,19:19:40,19:22:10,19:24:10,19:26:20,19:29:20,0:29:20
NS-WD-LBB-BHI-118,19:10:00,19:13:10,19:16:10,19:18:20,19:20:40,19:23:20,19:25:10,19:27:40,19:29:40,19:32:10,19:34:10,19:36:20,19:39:20,0:29:20
NS-WD-LBB-BHI-119,19:20:00,19:23:10,19:26:10,19:28:20,19:30:40,19:33:20,19:35:10,19:37:40,19:39:40,19:42:10,19:44:10,19:46:20,19:49:20,0:29:20
NS-WD-LBB-BHI-120,19:30:00,19:33:10,19:36:10,19:38:20,19:40:40,19:43:20,19:45:10,19:47:40,19:49:40,19:52:10,19:54:10,19:56:20,19:59:20,0:29:20
NS-WD-LBB-BHI-121,19:40:00,19:43:10,19:46:10,19:48:20,19:50:40,19:53:20,19:55:10,19:57:40,19:59:40,20:02:10,20:04:10,20:06:20,20:09:20,0:29:20
NS-WD-LBB-BHI-122,19:50:00,19:53:10,19:56:10,19:58:20,20:00:40,20:03:20,20:05:10,20:07:40,20:09:40,20:12:10,20:14:10,20:16:20,20:19:20,0:29:20
NS-WD-LBB-BHI-123,20:00:00,20:03:10,20:06:10,20:08:20,20:10:40,20:13:20,20:15:10,20:17:40,20:19:40,20:22:10,20:24:10,20:26:20,20:29:20,0:29:20
NS-WD-LBB-BHI-124,20:10:00,20:13:10,20:16:10,20:18:20,20:20:40,20:23:20,20:25:10,20:27:40,20:29:40,20:32:10,20:34:10,20:36:20,20:39:20,0:29:20
NS-WD-LBB-BHI-125,20:20:00,20:23:10,20:26:10,20:28:20,20:30:40,20:33:20,20:35:10,20:37:40,20:39:40,20:42:10,20:44:10,20:46:20,20:49:20,0:29:20
NS-WD-LBB-BHI-126,20:30:00,20:33:10,20:36:10,20:38:20,20:40:40,20:43:20,20:45:10,20:47:40,20:49:40,20:52:10,20:54:10,20:56:20,20:59:20,0:29:20
NS-WD-LBB-BHI-127,20:40:00,20:43:10,20:46:10,20:48:20,20:50:40,20:53:20,20:55:10,20:57:40,20:59:40,21:02:10,21:04:10,21:06:20,21:09:20,0:29:20
NS-WD-LBB-BHI-128,20:50:00,20:53:10,20:56:10,20:58:20,21:00:40,21:03:20,21:05:10,21:07:40,21:09:40,21:12:10,21:14:10,21:16:20,21:19:20,0:29:20
NS-WD-LBB-BHI-129,21:00:00,21:03:10,21:06:10,21:08:20,21:10:40,21:13:20,21:15:10,21:17:40,21:19:40,21:22:10,21:24:10,21:26:20,21:29:20,0:29:20
NS-WD-LBB-BHI-130,21:10:00,21:13:10,21:16:10,21:18:20,21:20:40,21:23:20,21:25:10,21:27:40,21:29:40,21:32:10,21:34:10,21:36:20,21:39:20,0:29:20
NS-WD-LBB-BHI-131,21:20:00,21:23:10,21:26:10,21:28:20,21:30:40,21:33:20,21:35:10,21:37:40,21:39:40,21:42:10,21:44:10,21:46:20,21:49:20,0:29:20
NS-WD-LBB-BHI-132,21:30:00,21:33:10,21:36:10,21:38:20,21:40:40,21:43:20,21:45:10,21:47:40,21:49:40,21:52:10,21:54:10,21:56:20,21:59:20,0:29:20
NS-WD-LBB-BHI-133,21:40:00,21:43:10,21:46:10,21:48:20,21:50:40,21:53:20,21:55:10,21:57:40,21:59:40,22:02:10,22:04:10,22:06:20,22:09:20,0:29:20
NS-WD-LBB-BHI-134,21:50:00,21:53:10,21:56:10,21:58:20,22:00:40,22:03:20,22:05:10,22:07:40,22:09:40,22:12:10,22:14:10,22:16:20,22:19:20,0:29:20
NS-WD-LBB-BHI-135,22:00:00,22:03:10,22:06:10,22:08:20,22:10:40,22:13:20,22:15:10,22:17:40,22:19:40,22:22:10,22:24:10,22:26:20,22:29:20,0:29:20
NS-WD-LBB-BHI-136,22:10:00,22:13:10,22:16:10,22:18:20,22:20:40,22:23:20,22:25:10,22:27:40,22:29:40,22:32:10,22:34:10,22:36:20,22:39:20,0:29:20
NS-WD-LBB-BHI-137,22:21:00,22:24:10,22:27:10,22:29:20,22:31:40,22:34:20,22:36:10,22:38:40,22:40:40,22:43:10,22:45:10,22:47:20,22:50:20,0:29:20
NS-WD-LBB-BHI-138,22:33:00,22:36:10,22:39:10,22:41:20,22:43:40,22:46:20,22:48:10,22:50:40,22:52:40,22:55:10,22:57:10,22:59:20,23:02:20,0:29:20
NS-WD-LBB-BHI-139,22:45:00,22:48:10,22:51:10,22:53:20,22:55:40,22:58:20,23:00:10,23:02:40,23:04:40,23:07:10,23:09:10,23:11:20,23:14:20,0:29:20
NS-WD-LBB-BHI-140,22:57:00,23:00:10,23:03:10,23:05:20,23:07:40,23:10:20,23:12:10,23:14:40,23:16:40,23:19:10,23:21:10,23:23:20,23:26:20,0:29:20
NS-WD-LBB-BHI-141,23:12:00,23:15:10,23:18:10,23:20:20,23:22:40,23:25:20,23:27:10,23:29:40,23:31:40,23:34:10,23:36:10,23:38:20,23:41:20,0:29:20
NS-WD-LBB-BKM-ST-001,23:27:00,23:30:10,23:33:10,23:35:20,23:37:40,23:40:20,,,,,,,,0:13:20
NS-WD-BKM-BHI-ST-001,,,,,,5:00:00,5:02:30,5:05:00,5:07:00,5:09:30,5:11:30,5:13:40,5:16:40,0:16:40